K,MapK,correct,total
1,0.05660377358490566,1,30
5,0.07452830188679245,2,30
