Method,Precision,Recall,F1-measure
Otsu,0.9347519160344682,0.9432306722132225,0.9219660240959257
