K,MapK,correct,total
1,0.5666666666666667,17,30
5,0.5666666666666667,17,30
